{
    "name": "root",
    "gauges": {
        "DroneBehaviour.Policy.Entropy.mean": {
            "value": 1.1860706806182861,
            "min": 1.1859186887741089,
            "max": 1.203526496887207,
            "count": 26
        },
        "DroneBehaviour.Policy.Entropy.sum": {
            "value": 11836.9853515625,
            "min": 8418.66796875,
            "max": 12042.484375,
            "count": 26
        },
        "DroneBehaviour.Environment.EpisodeLength.mean": {
            "value": 43.75336322869955,
            "min": 15.68,
            "max": 54.58888888888889,
            "count": 26
        },
        "DroneBehaviour.Environment.EpisodeLength.sum": {
            "value": 9757.0,
            "min": 6821.0,
            "max": 9826.0,
            "count": 26
        },
        "DroneBehaviour.Step.mean": {
            "value": 2019966.0,
            "min": 1769963.0,
            "max": 2019966.0,
            "count": 26
        },
        "DroneBehaviour.Step.sum": {
            "value": 2019966.0,
            "min": 1769963.0,
            "max": 2019966.0,
            "count": 26
        },
        "DroneBehaviour.Policy.ExtrinsicValueEstimate.mean": {
            "value": -1.1776665449142456,
            "min": -1.575036644935608,
            "max": -0.8619467616081238,
            "count": 26
        },
        "DroneBehaviour.Policy.ExtrinsicValueEstimate.sum": {
            "value": -262.61962890625,
            "min": -918.2218017578125,
            "max": -210.79156494140625,
            "count": 26
        },
        "DroneBehaviour.Environment.CumulativeReward.mean": {
            "value": -1.751842940334782,
            "min": -2.642619008819262,
            "max": -0.14733717465676324,
            "count": 26
        },
        "DroneBehaviour.Environment.CumulativeReward.sum": {
            "value": -390.6609756946564,
            "min": -715.3252832889557,
            "max": -25.48933121562004,
            "count": 26
        },
        "DroneBehaviour.Policy.ExtrinsicReward.mean": {
            "value": -1.751842940334782,
            "min": -2.642619008819262,
            "max": -0.14733717465676324,
            "count": 26
        },
        "DroneBehaviour.Policy.ExtrinsicReward.sum": {
            "value": -390.6609756946564,
            "min": -715.3252832889557,
            "max": -25.48933121562004,
            "count": 26
        },
        "DroneBehaviour.IsTraining.mean": {
            "value": 1.0,
            "min": 1.0,
            "max": 1.0,
            "count": 26
        },
        "DroneBehaviour.IsTraining.sum": {
            "value": 1.0,
            "min": 1.0,
            "max": 1.0,
            "count": 26
        },
        "DroneBehaviour.Losses.PolicyLoss.mean": {
            "value": 0.025358308075616755,
            "min": 0.019037025154102594,
            "max": 0.030356785088467102,
            "count": 12
        },
        "DroneBehaviour.Losses.PolicyLoss.sum": {
            "value": 0.025358308075616755,
            "min": 0.019037025154102594,
            "max": 0.030356785088467102,
            "count": 12
        },
        "DroneBehaviour.Losses.ValueLoss.mean": {
            "value": 0.159183402856191,
            "min": 0.07821220482389132,
            "max": 0.36499611536661786,
            "count": 12
        },
        "DroneBehaviour.Losses.ValueLoss.sum": {
            "value": 0.159183402856191,
            "min": 0.07821220482389132,
            "max": 0.36499611536661786,
            "count": 12
        },
        "DroneBehaviour.Policy.LearningRate.mean": {
            "value": 0.00011963700018152002,
            "min": 0.00011963700018152002,
            "max": 0.00012865755567124002,
            "count": 12
        },
        "DroneBehaviour.Policy.LearningRate.sum": {
            "value": 0.00011963700018152002,
            "min": 0.00011963700018152002,
            "max": 0.00012865755567124002,
            "count": 12
        },
        "DroneBehaviour.Policy.Epsilon.mean": {
            "value": 0.15981848000000004,
            "min": 0.15981848000000004,
            "max": 0.16432876000000005,
            "count": 12
        },
        "DroneBehaviour.Policy.Epsilon.sum": {
            "value": 0.15981848000000004,
            "min": 0.15981848000000004,
            "max": 0.16432876000000005,
            "count": 12
        },
        "DroneBehaviour.Policy.Beta.mean": {
            "value": 0.00030311055200000006,
            "min": 0.00030311055200000006,
            "max": 0.0003252109240000001,
            "count": 12
        },
        "DroneBehaviour.Policy.Beta.sum": {
            "value": 0.00030311055200000006,
            "min": 0.00030311055200000006,
            "max": 0.0003252109240000001,
            "count": 12
        }
    },
    "metadata": {
        "timer_format_version": "0.1.0",
        "start_time_seconds": "1766466298",
        "python_version": "3.10.11 (tags/v3.10.11:7d4cc5a, Apr  5 2023, 00:38:17) [MSC v.1929 64 bit (AMD64)]",
        "command_line_arguments": "C:\\Users\\user\\Documents\\Unity Projects\\DronePBRS\\venv_gpu\\Scripts\\mlagents-learn pbrs_config.yaml --run-id=pbrs_v3_eyes --resume",
        "mlagents_version": "1.1.0",
        "mlagents_envs_version": "1.1.0",
        "communication_protocol_version": "1.5.0",
        "pytorch_version": "2.2.2+cu121",
        "numpy_version": "1.23.5",
        "end_time_seconds": "1766468587"
    },
    "total": 2288.9019811,
    "count": 1,
    "self": 0.007431799999721989,
    "children": {
        "run_training.setup": {
            "total": 0.1605199000000539,
            "count": 1,
            "self": 0.1605199000000539
        },
        "TrainerController.start_learning": {
            "total": 2288.7340294,
            "count": 1,
            "self": 4.093696400069803,
            "children": {
                "TrainerController._reset_env": {
                    "total": 16.55032129999995,
                    "count": 1,
                    "self": 16.55032129999995
                },
                "TrainerController.advance": {
                    "total": 2267.9858384999297,
                    "count": 262419,
                    "self": 3.9136381002472262,
                    "children": {
                        "env_step": {
                            "total": 2168.321653399819,
                            "count": 262419,
                            "self": 1274.9456984998658,
                            "children": {
                                "SubprocessEnvManager._take_step": {
                                    "total": 890.4203645999921,
                                    "count": 262419,
                                    "self": 12.234876599904737,
                                    "children": {
                                        "TorchPolicy.evaluate": {
                                            "total": 878.1854880000874,
                                            "count": 257305,
                                            "self": 878.1854880000874
                                        }
                                    }
                                },
                                "workers": {
                                    "total": 2.9555902999609316,
                                    "count": 262418,
                                    "self": 0.0,
                                    "children": {
                                        "worker_root": {
                                            "total": 2267.071405499825,
                                            "count": 262418,
                                            "is_parallel": true,
                                            "self": 1206.6806484997333,