{"count":1,"self":386.4422656,"total":388.2315043,"children":{"InitializeActuators":{"count":1,"self":0.0046156999999999995,"total":0.0046156999999999995,"children":null},"InitializeSensors":{"count":1,"self":0.0035337999999999997,"total":0.0035337999999999997,"children":null},"AgentSendState":{"count":10430,"self":0.0376534,"total":0.0777495,"children":{"CollectObservations":{"count":2086,"self":0.011042699999999999,"total":0.011042699999999999,"children":null},"WriteActionMask":{"count":2086,"self":0.0046505,"total":0.0046505,"children":null},"RequestDecision":{"count":2086,"self":0.024402899999999998,"total":0.024402899999999998,"children":null}}},"DecideAction":{"count":10430,"self":1.6224452999999999,"total":1.6224452999999999,"children":null},"AgentAct":{"count":10430,"self":0.0808965,"total":0.0808965,"children":null}},"gauges":{"DroneBehaviour.CumulativeReward":{"count":87,"max":1.78488386,"min":-2.69427633,"runningAverage":-1.4763912,"value":-2.26168585,"weightedAverage":-1.98243809}},"metadata":{"timer_format_version":"0.1.0","start_time_seconds":"1765446832","unity_version":"6000.2.11f1","command_line_arguments":"D:\\Appx\\Unity\\Unity Hub\\Editor\\6000.2.11f1\\Editor\\Unity.exe -projectpath C:\\Users\\user\\Documents\\Unity Projects\\DronePBRS -acceptSoftwareTermsForThisRunOnly -useHub -hubIPC -cloudEnvironment production","communication_protocol_version":"1.5.0","com.unity.ml-agents_version":"4.0.0","scene_name":"Main","end_time_seconds":"1765447220"}}