{"count":1,"self":709.1977216,"total":2274.6940039,"children":{"InitializeActuators":{"count":1,"self":0.0020062,"total":0.0020062,"children":null},"InitializeSensors":{"count":1,"self":0.0015766999999999999,"total":0.0015766999999999999,"children":null},"AgentSendState":{"count":1286534,"self":8.1510208,"total":14.6812466,"children":{"CollectObservations":{"count":257307,"self":0.9219681999999999,"total":0.9219681999999999,"children":null},"WriteActionMask":{"count":257307,"self":0.1366331,"total":0.1366331,"children":null},"RequestDecision":{"count":257307,"self":0.96156389999999992,"total":5.4716249,"children":{"AgentInfo.ToProto":{"count":257307,"self":0.99277169999999992,"total":4.5100609999999994,"children":{"GenerateSensorData":{"count":257307,"self":3.0848312,"total":3.5172893,"children":{"RayPerceptionSensor.Perceive":{"count":257307,"self":0.43245819999999996,"total":0.43245819999999996,"children":null}}}}}}}}},"DecideAction":{"count":1286534,"self":1546.4049664,"total":1546.4049581,"children":null},"AgentAct":{"count":1286534,"self":4.3270148,"total":4.3472450999999994,"children":{"AgentInfo.ToProto":{"count":1768,"self":0.0010523,"total":0.0202302,"children":{"GenerateSensorData":{"count":1768,"self":0.0161271,"total":0.019177899999999998,"children":{"RayPerceptionSensor.Perceive":{"count":1768,"self":0.0030507999999999998,"total":0.0030507999999999998,"children":null}}}}}}},"AgentInfo.ToProto":{"count":4627,"self":0.0133443,"total":0.058763199999999995,"children":{"GenerateSensorData":{"count":4627,"self":0.0413636,"total":0.0454189,"children":{"RayPerceptionSensor.Perceive":{"count":4627,"self":0.0040552999999999995,"total":0.0040552999999999995,"children":null}}}}}},"gauges":{"DroneBehaviour.CumulativeReward":{"count":6395,"max":0.9339892,"min":-3.7024107,"runningAverage":-1.68112731,"value":-2.66121364,"weightedAverage":-2.119637}},"metadata":{"timer_format_version":"0.1.0","start_time_seconds":"1766466312","unity_version":"6000.2.11f1","command_line_arguments":"D:\\Appx\\Unity\\Unity Hub\\Editor\\6000.2.11f1\\Editor\\Unity.exe -projectpath C:\\Users\\user\\Documents\\Unity Projects\\DronePBRS -acceptSoftwareTermsForThisRunOnly -useHub -hubIPC -cloudEnvironment production","communication_protocol_version":"1.5.0","com.unity.ml-agents_version":"4.0.0","scene_name":"Main","end_time_seconds":"1766468587"}}