{
    "name": "root",
    "gauges": {
        "DroneBehaviour.Policy.Entropy.mean": {
            "value": 1.425550937652588,
            "min": 1.4189382791519165,
            "max": 1.425550937652588,
            "count": 5
        },
        "DroneBehaviour.Policy.Entropy.sum": {
            "value": 14246.9560546875,
            "min": 14190.8505859375,
            "max": 14246.9560546875,
            "count": 5
        },
        "DroneBehaviour.Environment.EpisodeLength.mean": {
            "value": 14.142424242424243,
            "min": 14.142424242424243,
            "max": 15.419407894736842,
            "count": 5
        },
        "DroneBehaviour.Environment.EpisodeLength.sum": {
            "value": 9334.0,
            "min": 9334.0,
            "max": 9385.0,
            "count": 5
        },
        "DroneBehaviour.Step.mean": {
            "value": 49993.0,
            "min": 9999.0,
            "max": 49993.0,
            "count": 5
        },
        "DroneBehaviour.Step.sum": {
            "value": 49993.0,
            "min": 9999.0,
            "max": 49993.0,
            "count": 5
        },
        "DroneBehaviour.Policy.ExtrinsicValueEstimate.mean": {
            "value": -0.1418747454881668,
            "min": -0.1418747454881668,
            "max": -0.04184485599398613,
            "count": 5
        },
        "DroneBehaviour.Policy.ExtrinsicValueEstimate.sum": {
            "value": -93.6373291015625,
            "min": -93.6373291015625,
            "max": -26.404104232788086,
            "count": 5
        },
        "DroneBehaviour.Environment.CumulativeReward.mean": {
            "value": -0.18086363503878766,
            "min": -0.18652455413067587,
            "max": -0.17682632499326326,
            "count": 5
        },
        "DroneBehaviour.Environment.CumulativeReward.sum": {
            "value": -119.36999912559986,
            "min": -119.36999912559986,
            "max": -111.48613357543945,
            "count": 5
        },
        "DroneBehaviour.Policy.ExtrinsicReward.mean": {
            "value": -0.18086363503878766,
            "min": -0.18652455413067587,
            "max": -0.17682632499326326,
            "count": 5
        },
        "DroneBehaviour.Policy.ExtrinsicReward.sum": {
            "value": -119.36999912559986,
            "min": -119.36999912559986,
            "max": -111.48613357543945,
            "count": 5
        },
        "DroneBehaviour.IsTraining.mean": {
            "value": 1.0,
            "min": 1.0,
            "max": 1.0,
            "count": 5
        },
        "DroneBehaviour.IsTraining.sum": {
            "value": 1.0,
            "min": 1.0,
            "max": 1.0,
            "count": 5
        },
        "DroneBehaviour.Losses.PolicyLoss.mean": {
            "value": 0.019712995307054372,
            "min": 0.019712995307054372,
            "max": 0.02704585640070339,
            "count": 4
        },
        "DroneBehaviour.Losses.PolicyLoss.sum": {
            "value": 0.019712995307054372,
            "min": 0.019712995307054372,
            "max": 0.02704585640070339,
            "count": 4
        },
        "DroneBehaviour.Losses.ValueLoss.mean": {
            "value": 0.002116218201505641,
            "min": 0.002116218201505641,
            "max": 0.026913092005997896,
            "count": 4
        },
        "DroneBehaviour.Losses.ValueLoss.sum": {
            "value": 0.002116218201505641,
            "min": 0.002116218201505641,
            "max": 0.026913092005997896,
            "count": 4
        },
        "DroneBehaviour.Policy.LearningRate.mean": {
            "value": 0.00027540180819939986,
            "min": 0.00027540180819939986,
            "max": 0.000293853002049,
            "count": 4
        },
        "DroneBehaviour.Policy.LearningRate.sum": {
            "value": 0.00027540180819939986,
            "min": 0.00027540180819939986,
            "max": 0.000293853002049,
            "count": 4
        },
        "DroneBehaviour.Policy.Epsilon.mean": {
            "value": 0.19180059999999996,
            "min": 0.19180059999999996,
            "max": 0.19795099999999996,
            "count": 4
        },
        "DroneBehaviour.Policy.Epsilon.sum": {
            "value": 0.19180059999999996,
            "min": 0.19180059999999996,
            "max": 0.19795099999999996,
            "count": 4
        },
        "DroneBehaviour.Policy.Beta.mean": {
            "value": 0.00045982294,
            "min": 0.00045982294,
            "max": 0.0004899599,
            "count": 4
        },
        "DroneBehaviour.Policy.Beta.sum": {
            "value": 0.00045982294,
            "min": 0.00045982294,
            "max": 0.0004899599,
            "count": 4
        }
    },
    "metadata": {
        "timer_format_version": "0.1.0",
        "start_time_seconds": "1763651116",
        "python_version": "3.10.11 (tags/v3.10.11:7d4cc5a, Apr  5 2023, 00:38:17) [MSC v.1929 64 bit (AMD64)]",
        "command_line_arguments": "C:\\Users\\user\\Documents\\Unity Projects\\DronePBRS\\venv_gpu\\Scripts\\mlagents-learn pbrs_config.yaml --run-id=PBRS_GPU_Run02",
        "mlagents_version": "1.1.0",
        "mlagents_envs_version": "1.1.0",
        "communication_protocol_version": "1.5.0",
        "pytorch_version": "2.2.2+cu121",
        "numpy_version": "1.23.5",
        "end_time_seconds": "1763651899"
    },
    "total": 783.1967969000107,
    "count": 1,
    "self": 0.006545299984281883,
    "children": {
        "run_training.setup": {
            "total": 0.09691220000968315,
            "count": 1,
            "self": 0.09691220000968315
        },
        "TrainerController.start_learning": {
            "total": 783.0933394000167,
            "count": 1,
            "self": 1.0115026014682371,
            "children": {
                "TrainerController._reset_env": {
                    "total": 14.932314699981362,
                    "count": 1,
                    "self": 14.932314699981362
                },
                "TrainerController.advance": {
                    "total": 767.0063491985493,
                    "count": 57948,
                    "self": 1.0095099017198663,
                    "children": {
                        "env_step": {
                            "total": 736.11095450024,
                            "count": 57948,
                            "self": 383.0753677934408,
                            "children": {
                                "SubprocessEnvManager._take_step": {
                                    "total": 352.36776859901147,
                                    "count": 57948,
                                    "self": 2.6556703015230596,
                                    "children": {
                                        "TorchPolicy.evaluate": {
                                            "total": 349.7120982974884,
                                            "count": 55111,
                                            "self": 349.7120982974884
                                        }
                                    }
                                },
                                "workers": {
                                    "total": 0.6678181077877525,
                                    "count": 57947,
                                    "self": 0.0,
                                    "children": {
                                        "worker_root": {
                                            "total": 763.5648637987906,
                                            "count": 57947,
                                            "is_parallel": true,
                                            "self": 433.4625112009817,
                                            "children": {
                                                "steps_from_proto": {
                                                    "total": 0.0005347999976947904,